INSERT INTO pizzas (id,nome,descrizione,img_url,prezzo) VALUES(1,'Margherita','Tonda, buona, relativamente leggera','/img/margherita.webp',6.00 ), (2,'Diavola','Letteralmente la cosa più buona di sempre','/img/diavola.jpg',7.00 ),(3,'Capricciosa','Se vuoi far finta di mantenerti leggero','/img/capricciosa.webp',8.00 ),(4,'Napoli','Mai presa, non ne ho idea','/img/napoli.webp',7.50 ), (5,'Marinara','Perfetta se sei povero, a dieta o entrambi','/img/marinara.webp',5.00 )
INSERT INTO offerte (id,titolo_offerta,percentuale_sconto,inizio_offerta,fine_offerta,pizza_id) VALUES(1,'Offerta Margherita 1',10,'2023-12-01','2024-01-01',1 ), (2,'Offerta Margherita 2',20,'2024-04-01','2024-04-15',1 ),(3,'Offerta Diavola 1',10,'2024-05-01','2024-05-15',2 ),(4,'Offerta Diavola 2',50,'2024-06-01','2024-06-15',2  ), (5,'Offerta Capricciosa 1',10,'2024-06-01','2024-06-15',3 ),(6,'Offerta Margherita 3',10,'2024-09-01','2024-09-30',1 )
INSERT INTO ingredienti (id, nome_ingrediente) VALUES (1,'pomodoro'),(2,'mozzarella'),(3,'basilico'),(4,'origano'), (5,'olio'), (6,'salame piccante'), (7,'peperoncino'), (8,'funghi'), (9,'carciofini'), (10,'acciughe'), (11,'olive'), (12,'capperi'), (13,'prosciutto cotto'), (14,'prosciutto crudo'), (16,'salsiccia'), (17,'pancetta'), (18,'cipolla'), (19,'peperoni'), (20,'crema di zucca'), (21,'scaglie di grana'), (22,'ricotta'), (23,'patatine'), (24,'patate al forno'), (25,'melanzane'), (26,'rucola')
INSERT INTO ingrediente_pizza (ingrediente_id, pizza_id) VALUES (1,1),(2,1),(3,1),(5,1),(1,2),(2,2),(6,2),(7,2),(1,3),(2,3),(8,3),(9,3),(13,3),(1,4),(2,4),(12,4),(10,4),(1,5),(2,5),(4,5)
INSERT INTO role (id, name) VALUES (0,'ADMIN'), (1,'USER')
INSERT INTO user (id, username, password) VALUES (0,'admin','{noop}password'),(1,'user','{noop}password')
INSERT INTO user_roles (user_id, roles_id) VALUES (0,0), (1,1)